{
  "config": {
    "seed": 20250349,
    "n_static": 200,
    "n_bandit": 1000,
    "feature_mode": "simple",
    "feature_dim": 8,
    "prior_weight": 0,
    "lin_alpha": 1.0,
    "ts_sigma": 1.0,
    "rich_regularization": null,
    "rich_regularization_params": null
  },
  "templates": [
    {
      "id": 0,
      "name": "Neutral",
      "description": "No boost adjustment (base ranker only)"
    },
    {
      "id": 1,
      "name": "High Margin",
      "description": "Promote products with CM2 > 0.4"
    },
    {
      "id": 2,
      "name": "CM2 Boost",
      "description": "Promote own-brand (private-label) products"
    },
    {
      "id": 3,
      "name": "Popular",
      "description": "Boost by log-popularity (bestseller score)"
    },
    {
      "id": 4,
      "name": "Premium",
      "description": "Promote expensive items (price > 75th percentile)"
    },
    {
      "id": 5,
      "name": "Budget",
      "description": "Promote cheap items (price < 25th percentile)"
    },
    {
      "id": 6,
      "name": "Discount",
      "description": "Boost discounted products (max discount 30%)"
    },
    {
      "id": 7,
      "name": "Strategic",
      "description": "Promote strategic categories"
    }
  ],
  "static_results": {
    "0": {
      "reward": 5.925640478251551,
      "gmv": 5.464510306423296,
      "cm2": 0.5378254295706272,
      "orders": 0.445
    },
    "1": {
      "reward": 4.7546701078508,
      "gmv": 4.461716852147328,
      "cm2": 0.5323831392586803,
      "orders": 0.36
    },
    "2": {
      "reward": 8.311884774598072,
      "gmv": 7.662596238753583,
      "cm2": 0.7007213396112316,
      "orders": 0.615
    },
    "3": {
      "reward": 5.1007944757316235,
      "gmv": 4.820854542699878,
      "cm2": 0.5610998325793722,
      "orders": 0.455
    },
    "4": {
      "reward": 9.405846996795493,
      "gmv": 8.866559788741068,
      "cm2": 0.8844680201360511,
      "orders": 0.42
    },
    "5": {
      "reward": 3.7503409015785265,
      "gmv": 3.346837989734064,
      "cm2": 0.27375727961115587,
      "orders": 0.53
    },
    "6": {
      "reward": 5.594482837459252,
      "gmv": 5.15883311965074,
      "cm2": 0.5128742945212723,
      "orders": 0.475
    },
    "7": {
      "reward": 5.321403748237644,
      "gmv": 4.375926318625232,
      "cm2": -0.11380642596897424,
      "orders": 0.465
    }
  },
  "static_best": {
    "id": 4,
    "name": "Premium",
    "result": {
      "reward": 9.405846996795493,
      "gmv": 8.866559788741068,
      "cm2": 0.8844680201360511,
      "orders": 0.42
    },
    "segments": {
      "premium": {
        "reward": 31.018109185825363,
        "gmv": 29.305255415046094,
        "cm2": 3.4418566491703824,
        "orders": 1.4375
      },
      "price_hunter": {
        "reward": 0.0,
        "gmv": 0.0,
        "cm2": 0.0,
        "orders": 0.0
      },
      "litter_heavy": {
        "reward": 6.005911180604497,
        "gmv": 5.561267863508587,
        "cm2": 0.2717645427397804,
        "orders": 0.29296875
      },
      "pl_lover": {
        "reward": 6.023589627610889,
        "gmv": 5.678025150719353,
        "cm2": 0.586133414451066,
        "orders": 0.2839506172839506
      }
    }
  },
  "linucb": {
    "global": {
      "reward": 4.982646454682492,
      "gmv": 4.572842746433476,
      "cm2": 0.4142592706225382,
      "orders": 0.414
    },
    "segments": {
      "pl_lover": {
        "reward": 4.487345435577238,
        "gmv": 4.096440491943375,
        "cm2": 0.29869093051323087,
        "orders": 0.39097744360902253
      },
      "litter_heavy": {
        "reward": 4.893704345878202,
        "gmv": 4.244902687951509,
        "cm2": 0.09422636703895626,
        "orders": 0.4230769230769231
      },
      "price_hunter": {
        "reward": 0.0005797101449275362,
        "gmv": 0.0,
        "cm2": 0.0,
        "orders": 0.0
      },
      "premium": {
        "reward": 17.05603710892547,
        "gmv": 16.063757074812173,
        "cm2": 2.0177968594767948,
        "orders": 1.3612903225806452
      }
    },
    "diagnostics": {
      "template_counts": [
        42,
        41,
        147,
        41,
        41,
        41,
        607,
        40
      ],
      "template_freqs": [
        0.042,
        0.041,
        0.147,
        0.041,
        0.041,
        0.041,
        0.607,
        0.04
      ]
    }
  },
  "ts": {
    "global": {
      "reward": 5.262546038341164,
      "gmv": 4.831073967041759,
      "cm2": 0.49518017824851646,
      "orders": 0.43
    },
    "segments": {
      "price_hunter": {
        "reward": 0.0006060606060606061,
        "gmv": 0.0,
        "cm2": 0.0,
        "orders": 0.0
      },
      "pl_lover": {
        "reward": 5.452990053795998,
        "gmv": 5.017980637750819,
        "cm2": 0.5788362814256884,
        "orders": 0.4942084942084942
      },
      "premium": {
        "reward": 18.36023477848027,
        "gmv": 17.30621332809542,
        "cm2": 2.1687074721159862,
        "orders": 1.3782051282051282
      },
      "litter_heavy": {
        "reward": 3.865980348882659,
        "gmv": 3.2613635399270953,
        "cm2": 0.027228296898702563,
        "orders": 0.3411764705882353
      }
    },
    "diagnostics": {
      "template_counts": [
        243,
        419,
        46,
        47,
        49,
        118,
        36,
        42
      ],
      "template_freqs": [
        0.243,
        0.419,
        0.046,
        0.047,
        0.049,
        0.118,
        0.036,
        0.042
      ]
    }
  }
}